{"input_shapes": [[3]], "input_data": [[0.062709279358387, 0.09536536782979965, 0.015472578816115856]], "output_data": [[0.0]]}